--------------------------------------------------------
--  파일이 생성됨 - 토요일-4월-24-2021   
--------------------------------------------------------
--------------------------------------------------------
--  DDL for Sequence BOARD_SEQ
--------------------------------------------------------

   CREATE SEQUENCE  "NICEZO"."BOARD_SEQ"  MINVALUE 1 MAXVALUE 9999999999999999999999999999 INCREMENT BY 1 START WITH 101 CACHE 20 NOORDER  NOCYCLE ;
--------------------------------------------------------
--  DDL for Sequence COURSE_GALLERY_SEQ
--------------------------------------------------------

   CREATE SEQUENCE  "NICEZO"."COURSE_GALLERY_SEQ"  MINVALUE 1 MAXVALUE 9999999999999999999999999999 INCREMENT BY 1 START WITH 1 CACHE 20 NOORDER  NOCYCLE ;
--------------------------------------------------------
--  DDL for Sequence HOLE_SEQ
--------------------------------------------------------

   CREATE SEQUENCE  "NICEZO"."HOLE_SEQ"  MINVALUE 1 MAXVALUE 9999999999999999999999999999 INCREMENT BY 1 START WITH 1 CACHE 20 NOORDER  NOCYCLE ;
--------------------------------------------------------
--  DDL for Sequence COURSE_SEQ
--------------------------------------------------------

   CREATE SEQUENCE  "NICEZO"."COURSE_SEQ"  MINVALUE 1 MAXVALUE 9999999999999999999999999999 INCREMENT BY 1 START WITH 21 CACHE 20 NOORDER  NOCYCLE ;
--------------------------------------------------------
--  DDL for Sequence RESSEQ
--------------------------------------------------------

   CREATE SEQUENCE  "NICEZO"."RESSEQ"  MINVALUE 1 MAXVALUE 9999999999999999999999999999 INCREMENT BY 1 START WITH 161 CACHE 20 NOORDER  NOCYCLE ;
--------------------------------------------------------
--  DDL for Table BOARD
--------------------------------------------------------

  CREATE TABLE "NICEZO"."BOARD" 
   (	"NUM" NUMBER(10,0), 
	"CATEGORY" NUMBER, 
	"SUBJECT" VARCHAR2(500 BYTE), 
	"REGDATE" DATE, 
	"READCOUNT" NUMBER(4,0), 
	"IMAGE" VARCHAR2(50 BYTE), 
	"CONTENT" VARCHAR2(2000 BYTE), 
	"STATUS" NUMBER(2,0)
   ) SEGMENT CREATION IMMEDIATE 
  PCTFREE 10 PCTUSED 40 INITRANS 1 MAXTRANS 255 NOCOMPRESS LOGGING
  STORAGE(INITIAL 65536 NEXT 1048576 MINEXTENTS 1 MAXEXTENTS 2147483645
  PCTINCREASE 0 FREELISTS 1 FREELIST GROUPS 1 BUFFER_POOL DEFAULT FLASH_CACHE DEFAULT CELL_FLASH_CACHE DEFAULT)
  TABLESPACE "USERS" ;
--------------------------------------------------------
--  DDL for Table COURSE
--------------------------------------------------------

  CREATE TABLE "NICEZO"."COURSE" 
   (	"COURSE_ID" NUMBER, 
	"COURSE_NAME" VARCHAR2(20 BYTE)
   ) SEGMENT CREATION IMMEDIATE 
  PCTFREE 10 PCTUSED 40 INITRANS 1 MAXTRANS 255 NOCOMPRESS LOGGING
  STORAGE(INITIAL 65536 NEXT 1048576 MINEXTENTS 1 MAXEXTENTS 2147483645
  PCTINCREASE 0 FREELISTS 1 FREELIST GROUPS 1 BUFFER_POOL DEFAULT FLASH_CACHE DEFAULT CELL_FLASH_CACHE DEFAULT)
  TABLESPACE "USERS" ;
--------------------------------------------------------
--  DDL for Table COURSE_GALLERY
--------------------------------------------------------

  CREATE TABLE "NICEZO"."COURSE_GALLERY" 
   (	"COURSE_GALLERY_ID" NUMBER, 
	"COURSE_GALLERY_COURSE_NAME" VARCHAR2(20 BYTE), 
	"COURSE_GALLERY_HOLE_NO" NUMBER, 
	"COURSE_GALLERY_PICTURE" VARCHAR2(100 BYTE)
   ) SEGMENT CREATION IMMEDIATE 
  PCTFREE 10 PCTUSED 40 INITRANS 1 MAXTRANS 255 NOCOMPRESS LOGGING
  STORAGE(INITIAL 65536 NEXT 1048576 MINEXTENTS 1 MAXEXTENTS 2147483645
  PCTINCREASE 0 FREELISTS 1 FREELIST GROUPS 1 BUFFER_POOL DEFAULT FLASH_CACHE DEFAULT CELL_FLASH_CACHE DEFAULT)
  TABLESPACE "USERS" ;
--------------------------------------------------------
--  DDL for Table HOLE
--------------------------------------------------------

  CREATE TABLE "NICEZO"."HOLE" 
   (	"HOLE_ID" NUMBER, 
	"HOLE_COURSE_NAME" VARCHAR2(20 BYTE), 
	"HOLE_NO" NUMBER, 
	"HOLE_BLUE" NUMBER, 
	"HOLE_WHITE" NUMBER, 
	"HOLE_GOLD" NUMBER, 
	"HOLE_RED" NUMBER, 
	"HOLE_PAR" NUMBER, 
	"HOLE_HDCP" NUMBER, 
	"HOLE_PICTURE" VARCHAR2(100 BYTE), 
	"HOLE_STATE" NUMBER(1,0), 
	"HOLE_DETAIL" VARCHAR2(2000 BYTE)
   ) SEGMENT CREATION IMMEDIATE 
  PCTFREE 10 PCTUSED 40 INITRANS 1 MAXTRANS 255 NOCOMPRESS LOGGING
  STORAGE(INITIAL 65536 NEXT 1048576 MINEXTENTS 1 MAXEXTENTS 2147483645
  PCTINCREASE 0 FREELISTS 1 FREELIST GROUPS 1 BUFFER_POOL DEFAULT FLASH_CACHE DEFAULT CELL_FLASH_CACHE DEFAULT)
  TABLESPACE "USERS" ;
--------------------------------------------------------
--  DDL for Table MEMBER
--------------------------------------------------------

  CREATE TABLE "NICEZO"."MEMBER" 
   (	"ID" VARCHAR2(20 BYTE), 
	"PASSWORD" VARCHAR2(100 BYTE), 
	"NAME" VARCHAR2(20 BYTE), 
	"EMAIL" VARCHAR2(100 BYTE), 
	"ZIPCODE" VARCHAR2(10 BYTE), 
	"ADDRESS1" VARCHAR2(100 BYTE), 
	"ADDRESS2" VARCHAR2(50 BYTE), 
	"PHONE" VARCHAR2(20 BYTE), 
	"STATUS" NUMBER, 
	"JOINDATE" DATE
   ) SEGMENT CREATION IMMEDIATE 
  PCTFREE 10 PCTUSED 40 INITRANS 1 MAXTRANS 255 NOCOMPRESS LOGGING
  STORAGE(INITIAL 65536 NEXT 1048576 MINEXTENTS 1 MAXEXTENTS 2147483645
  PCTINCREASE 0 FREELISTS 1 FREELIST GROUPS 1 BUFFER_POOL DEFAULT FLASH_CACHE DEFAULT CELL_FLASH_CACHE DEFAULT)
  TABLESPACE "USERS" ;
--------------------------------------------------------
--  DDL for Table RES
--------------------------------------------------------

  CREATE TABLE "NICEZO"."RES" 
   (	"RES_COSNAME" VARCHAR2(20 BYTE), 
	"RES_MYDATE" DATE, 
	"RES_CANCEL" NUMBER, 
	"RES_ID" VARCHAR2(20 BYTE), 
	"RES_NAME" VARCHAR2(20 BYTE), 
	"RES_PLAYTIME" VARCHAR2(20 BYTE), 
	"RES_RESDATE" DATE, 
	"RES_CODE" NUMBER
   ) SEGMENT CREATION IMMEDIATE 
  PCTFREE 10 PCTUSED 40 INITRANS 1 MAXTRANS 255 NOCOMPRESS LOGGING
  STORAGE(INITIAL 65536 NEXT 1048576 MINEXTENTS 1 MAXEXTENTS 2147483645
  PCTINCREASE 0 FREELISTS 1 FREELIST GROUPS 1 BUFFER_POOL DEFAULT FLASH_CACHE DEFAULT CELL_FLASH_CACHE DEFAULT)
  TABLESPACE "USERS" ;
--------------------------------------------------------
--  DDL for Table RES_COSTIME
--------------------------------------------------------

  CREATE TABLE "NICEZO"."RES_COSTIME" 
   (	"COS_TIME" VARCHAR2(20 BYTE)
   ) SEGMENT CREATION IMMEDIATE 
  PCTFREE 10 PCTUSED 40 INITRANS 1 MAXTRANS 255 NOCOMPRESS LOGGING
  STORAGE(INITIAL 65536 NEXT 1048576 MINEXTENTS 1 MAXEXTENTS 2147483645
  PCTINCREASE 0 FREELISTS 1 FREELIST GROUPS 1 BUFFER_POOL DEFAULT FLASH_CACHE DEFAULT CELL_FLASH_CACHE DEFAULT)
  TABLESPACE "USERS" ;
REM INSERTING into NICEZO.BOARD
SET DEFINE OFF;
Insert into NICEZO.BOARD (NUM,CATEGORY,SUBJECT,REGDATE,READCOUNT,IMAGE,CONTENT,STATUS) values (41,1,'asdf',to_date('21/04/21','RR/MM/DD'),0,'1618989971931Koala.jpg','코알라',1);
Insert into NICEZO.BOARD (NUM,CATEGORY,SUBJECT,REGDATE,READCOUNT,IMAGE,CONTENT,STATUS) values (42,2,'ㅁㄴㅇㄹ',to_date('21/04/21','RR/MM/DD'),1,null,'수정',1);
Insert into NICEZO.BOARD (NUM,CATEGORY,SUBJECT,REGDATE,READCOUNT,IMAGE,CONTENT,STATUS) values (43,1,'ㅁㄴㅇㄹ',to_date('21/04/22','RR/MM/DD'),0,null,'asdfasdf',1);
Insert into NICEZO.BOARD (NUM,CATEGORY,SUBJECT,REGDATE,READCOUNT,IMAGE,CONTENT,STATUS) values (44,1,'ㅁㄴㅇㄹasdf',to_date('21/04/22','RR/MM/DD'),1,'1619020667305Tulips.jpg','asdfasdf',1);
Insert into NICEZO.BOARD (NUM,CATEGORY,SUBJECT,REGDATE,READCOUNT,IMAGE,CONTENT,STATUS) values (45,2,'asdfqwer',to_date('21/04/22','RR/MM/DD'),0,'1619020682388','1234123412',1);
Insert into NICEZO.BOARD (NUM,CATEGORY,SUBJECT,REGDATE,READCOUNT,IMAGE,CONTENT,STATUS) values (46,3,'qer1234',to_date('21/04/22','RR/MM/DD'),0,'1619020690082','qreqwer',1);
Insert into NICEZO.BOARD (NUM,CATEGORY,SUBJECT,REGDATE,READCOUNT,IMAGE,CONTENT,STATUS) values (27,null,null,to_date('21/04/20','RR/MM/DD'),0,null,null,1);
Insert into NICEZO.BOARD (NUM,CATEGORY,SUBJECT,REGDATE,READCOUNT,IMAGE,CONTENT,STATUS) values (30,1,'ㅂㅈㄷㄱㅁㄴㅇㄹ',to_date('21/04/20','RR/MM/DD'),1,'1618906336226','ㅁㄴㅇㄼㅈㄷㄱㅁㄴㅇㄹ',1);
Insert into NICEZO.BOARD (NUM,CATEGORY,SUBJECT,REGDATE,READCOUNT,IMAGE,CONTENT,STATUS) values (49,1,'테스트(수정)',to_date('21/04/22','RR/MM/DD'),6,null,'수정됨',1);
Insert into NICEZO.BOARD (NUM,CATEGORY,SUBJECT,REGDATE,READCOUNT,IMAGE,CONTENT,STATUS) values (52,2,'이벤트테스트',to_date('21/04/22','RR/MM/DD'),3,null,'수정afdasfafsadfsaf',1);
Insert into NICEZO.BOARD (NUM,CATEGORY,SUBJECT,REGDATE,READCOUNT,IMAGE,CONTENT,STATUS) values (80,1,'추가',to_date('21/04/22','RR/MM/DD'),0,'1619087413155',null,1);
Insert into NICEZO.BOARD (NUM,CATEGORY,SUBJECT,REGDATE,READCOUNT,IMAGE,CONTENT,STATUS) values (83,1,'수정해버려',to_date('21/04/22','RR/MM/DD'),3,null,null,1);
Insert into NICEZO.BOARD (NUM,CATEGORY,SUBJECT,REGDATE,READCOUNT,IMAGE,CONTENT,STATUS) values (84,1,'nicezo 공지사항1',to_date('21/04/23','RR/MM/DD'),9,null,'안녕하세요.

nicezo입니다~~~~~

공지사항입니다.


',1);
Insert into NICEZO.BOARD (NUM,CATEGORY,SUBJECT,REGDATE,READCOUNT,IMAGE,CONTENT,STATUS) values (51,1,'aaaaabbb',to_date('21/04/22','RR/MM/DD'),6,'1619070360065','bbb',9);
Insert into NICEZO.BOARD (NUM,CATEGORY,SUBJECT,REGDATE,READCOUNT,IMAGE,CONTENT,STATUS) values (66,1,'테스트',to_date('21/04/22','RR/MM/DD'),0,'1619078216418','테스트',1);
Insert into NICEZO.BOARD (NUM,CATEGORY,SUBJECT,REGDATE,READCOUNT,IMAGE,CONTENT,STATUS) values (72,1,'f',to_date('21/04/22','RR/MM/DD'),1,'1619084893830','f',1);
Insert into NICEZO.BOARD (NUM,CATEGORY,SUBJECT,REGDATE,READCOUNT,IMAGE,CONTENT,STATUS) values (73,1,null,to_date('21/04/22','RR/MM/DD'),0,'1619087051325',null,1);
Insert into NICEZO.BOARD (NUM,CATEGORY,SUBJECT,REGDATE,READCOUNT,IMAGE,CONTENT,STATUS) values (29,null,null,to_date('21/04/20','RR/MM/DD'),0,null,null,1);
Insert into NICEZO.BOARD (NUM,CATEGORY,SUBJECT,REGDATE,READCOUNT,IMAGE,CONTENT,STATUS) values (50,1,'파일없는게시글(수정)',to_date('21/04/22','RR/MM/DD'),8,null,'수저엉',1);
Insert into NICEZO.BOARD (NUM,CATEGORY,SUBJECT,REGDATE,READCOUNT,IMAGE,CONTENT,STATUS) values (60,1,'테스트',to_date('21/04/22','RR/MM/DD'),1,'1619077403780','테스트',1);
Insert into NICEZO.BOARD (NUM,CATEGORY,SUBJECT,REGDATE,READCOUNT,IMAGE,CONTENT,STATUS) values (62,1,'테스트',to_date('21/04/22','RR/MM/DD'),0,'1619077491435','테스트',1);
Insert into NICEZO.BOARD (NUM,CATEGORY,SUBJECT,REGDATE,READCOUNT,IMAGE,CONTENT,STATUS) values (64,1,'테스트',to_date('21/04/22','RR/MM/DD'),0,'1619077593156','테스트',1);
Insert into NICEZO.BOARD (NUM,CATEGORY,SUBJECT,REGDATE,READCOUNT,IMAGE,CONTENT,STATUS) values (65,1,'테스트',to_date('21/04/22','RR/MM/DD'),0,'1619077699513','테스트',1);
Insert into NICEZO.BOARD (NUM,CATEGORY,SUBJECT,REGDATE,READCOUNT,IMAGE,CONTENT,STATUS) values (67,1,'dgsgsa',to_date('21/04/22','RR/MM/DD'),1,'1619083792762','gagagg',1);
Insert into NICEZO.BOARD (NUM,CATEGORY,SUBJECT,REGDATE,READCOUNT,IMAGE,CONTENT,STATUS) values (70,1,'rbxo',to_date('21/04/22','RR/MM/DD'),0,'1619084424589','gg',1);
Insert into NICEZO.BOARD (NUM,CATEGORY,SUBJECT,REGDATE,READCOUNT,IMAGE,CONTENT,STATUS) values (71,1,'dgsgsa',to_date('21/04/22','RR/MM/DD'),2,'1619084715733','d',1);
Insert into NICEZO.BOARD (NUM,CATEGORY,SUBJECT,REGDATE,READCOUNT,IMAGE,CONTENT,STATUS) values (28,null,null,to_date('21/04/20','RR/MM/DD'),0,null,null,1);
Insert into NICEZO.BOARD (NUM,CATEGORY,SUBJECT,REGDATE,READCOUNT,IMAGE,CONTENT,STATUS) values (56,1,'테스트',to_date('21/04/22','RR/MM/DD'),0,'1619077388384','테스트',1);
Insert into NICEZO.BOARD (NUM,CATEGORY,SUBJECT,REGDATE,READCOUNT,IMAGE,CONTENT,STATUS) values (6,1,'테스트',to_date('21/04/20','RR/MM/DD'),2,null,'테스트테스트테스트테스트테스트테스트테스트테스트테스트테스트테스트테스트테스트테스트테스트테스트테스트테스트테스트테스트테스트테스트테스트테스트테스트테스트테스트테스트테스트테스트테스트테스트테스트테스트테스트테스트테스트테스트테스트테스트테스트테스트테스트테스트테스트테스트테스트테스트테스트테스트테스트테스트테스트테스트테스트테스트테스트테스트테스트테스트테스트테스트테스트테스트테스트테스트테스트테스트테스트테스트테스트테스트테스트테스트테스트테스트테스트테스트테스트테스트테스트테스트테스트테스트테스트테스트테스트테스트테스트테스트테스트테스트테스트테스트테스트테스트테스트테스트테스트테스트테스트테스트테스트테스트테스트테스트테스트테스트테스트테스트테스트테스트테스트테스트테스트테스트테스트테스트테스트테스트테스트테스트테스트테스트테스트테스트테스트테스트테스트테스트테스트테스트테스트',1);
Insert into NICEZO.BOARD (NUM,CATEGORY,SUBJECT,REGDATE,READCOUNT,IMAGE,CONTENT,STATUS) values (34,1,'ㅁㅁㅁ',to_date('21/04/20','RR/MM/DD'),0,'1618913233556',null,1);
Insert into NICEZO.BOARD (NUM,CATEGORY,SUBJECT,REGDATE,READCOUNT,IMAGE,CONTENT,STATUS) values (35,1,'수정되냐',to_date('21/04/20','RR/MM/DD'),1,'1618913280106','ㅇㅇㅇㅇㅇㅇㅇㅇㅇㅇㅇㅇㅇㅇㅇㅇㅇㅇㅇㅇㅇㅇㅇㅇㅇㅇㅇㅇㅇㅇㅇㅇㅇㅇㅇㅇㅇㅇㅇㅇㅇㅇㅇㅇ',1);
Insert into NICEZO.BOARD (NUM,CATEGORY,SUBJECT,REGDATE,READCOUNT,IMAGE,CONTENT,STATUS) values (47,3,'이벤트요',to_date('21/04/22','RR/MM/DD'),0,'1619022544298Tulips.jpg','튤립튤립튤립튤립튤립튤립튤립튤립튤립튤립튤립튤립튤립튤립튤립튤립튤립튤립튤립튤립튤립튤립튤립튤립튤립튤립튤립튤립튤립튤립튤립튤립튤립튤립튤립튤립튤립튤립튤립튤립튤립튤립튤립튤립튤립튤립튤립튤립튤립튤립튤립튤립튤립튤립튤립튤립튤립튤립튤립튤립튤립튤립튤립튤립튤립튤립튤립튤립튤립',1);
Insert into NICEZO.BOARD (NUM,CATEGORY,SUBJECT,REGDATE,READCOUNT,IMAGE,CONTENT,STATUS) values (58,1,'테스트',to_date('21/04/22','RR/MM/DD'),0,'1619077398093','테스트',1);
Insert into NICEZO.BOARD (NUM,CATEGORY,SUBJECT,REGDATE,READCOUNT,IMAGE,CONTENT,STATUS) values (63,1,'테스트',to_date('21/04/22','RR/MM/DD'),1,'1619077551377','테스트',1);
Insert into NICEZO.BOARD (NUM,CATEGORY,SUBJECT,REGDATE,READCOUNT,IMAGE,CONTENT,STATUS) values (68,1,'cvxvz',to_date('21/04/22','RR/MM/DD'),5,'1619084072536','vzvczvzxv',1);
Insert into NICEZO.BOARD (NUM,CATEGORY,SUBJECT,REGDATE,READCOUNT,IMAGE,CONTENT,STATUS) values (69,1,'hgxnncxncxnc',to_date('21/04/22','RR/MM/DD'),1,'1619084256885','ncxncxncxcv',1);
Insert into NICEZO.BOARD (NUM,CATEGORY,SUBJECT,REGDATE,READCOUNT,IMAGE,CONTENT,STATUS) values (74,1,null,to_date('21/04/22','RR/MM/DD'),0,'1619087063227',null,1);
Insert into NICEZO.BOARD (NUM,CATEGORY,SUBJECT,REGDATE,READCOUNT,IMAGE,CONTENT,STATUS) values (75,1,'qwe',to_date('21/04/22','RR/MM/DD'),1,'1619087075382',null,1);
Insert into NICEZO.BOARD (NUM,CATEGORY,SUBJECT,REGDATE,READCOUNT,IMAGE,CONTENT,STATUS) values (76,1,'qwe',to_date('21/04/22','RR/MM/DD'),0,'1619087147294',null,1);
Insert into NICEZO.BOARD (NUM,CATEGORY,SUBJECT,REGDATE,READCOUNT,IMAGE,CONTENT,STATUS) values (77,1,null,to_date('21/04/22','RR/MM/DD'),0,'1619087155590',null,1);
Insert into NICEZO.BOARD (NUM,CATEGORY,SUBJECT,REGDATE,READCOUNT,IMAGE,CONTENT,STATUS) values (79,1,null,to_date('21/04/22','RR/MM/DD'),0,'1619087187267',null,1);
Insert into NICEZO.BOARD (NUM,CATEGORY,SUBJECT,REGDATE,READCOUNT,IMAGE,CONTENT,STATUS) values (81,1,'해보기',to_date('21/04/22','RR/MM/DD'),0,'1619089747976',null,1);
Insert into NICEZO.BOARD (NUM,CATEGORY,SUBJECT,REGDATE,READCOUNT,IMAGE,CONTENT,STATUS) values (82,1,'수정4',to_date('21/04/22','RR/MM/DD'),0,null,'수정',1);
Insert into NICEZO.BOARD (NUM,CATEGORY,SUBJECT,REGDATE,READCOUNT,IMAGE,CONTENT,STATUS) values (1,1,'테스트',to_date('21/04/20','RR/MM/DD'),1,null,'테스트',1);
Insert into NICEZO.BOARD (NUM,CATEGORY,SUBJECT,REGDATE,READCOUNT,IMAGE,CONTENT,STATUS) values (2,1,'테스트',to_date('21/04/20','RR/MM/DD'),1,null,'테스트',1);
Insert into NICEZO.BOARD (NUM,CATEGORY,SUBJECT,REGDATE,READCOUNT,IMAGE,CONTENT,STATUS) values (3,1,'테스트',to_date('21/04/20','RR/MM/DD'),1,null,'테스트',1);
Insert into NICEZO.BOARD (NUM,CATEGORY,SUBJECT,REGDATE,READCOUNT,IMAGE,CONTENT,STATUS) values (4,1,'테스트',to_date('21/04/20','RR/MM/DD'),1,null,'테스트',1);
Insert into NICEZO.BOARD (NUM,CATEGORY,SUBJECT,REGDATE,READCOUNT,IMAGE,CONTENT,STATUS) values (5,1,'테스트',to_date('21/04/20','RR/MM/DD'),2,null,'테스트',1);
Insert into NICEZO.BOARD (NUM,CATEGORY,SUBJECT,REGDATE,READCOUNT,IMAGE,CONTENT,STATUS) values (33,1,'ㅁㅁㅁ',to_date('21/04/20','RR/MM/DD'),0,'1618908045114좋은자기소개서란.JPG','ㅁㅁㅁ',1);
Insert into NICEZO.BOARD (NUM,CATEGORY,SUBJECT,REGDATE,READCOUNT,IMAGE,CONTENT,STATUS) values (31,1,'ㅁㄴㅇㄼㅈㄷㄱ',to_date('21/04/20','RR/MM/DD'),0,'1618906779713','ㅁㅁㅁㅁ',1);
Insert into NICEZO.BOARD (NUM,CATEGORY,SUBJECT,REGDATE,READCOUNT,IMAGE,CONTENT,STATUS) values (32,1,'좋은자기소개서란',to_date('21/04/20','RR/MM/DD'),0,'1618907816048좋은자기소개서란.JPG','ㅁㅁㅁㅁ',1);
Insert into NICEZO.BOARD (NUM,CATEGORY,SUBJECT,REGDATE,READCOUNT,IMAGE,CONTENT,STATUS) values (48,1,'파일테스트',to_date('21/04/22','RR/MM/DD'),10,'1619067584114','ㅁㅁㅁㅁ',1);
Insert into NICEZO.BOARD (NUM,CATEGORY,SUBJECT,REGDATE,READCOUNT,IMAGE,CONTENT,STATUS) values (53,1,'공지공지',to_date('21/04/22','RR/MM/DD'),1,'1619074892718로그인배경.jpg','공지공지',1);
Insert into NICEZO.BOARD (NUM,CATEGORY,SUBJECT,REGDATE,READCOUNT,IMAGE,CONTENT,STATUS) values (54,1,'테스트',to_date('21/04/22','RR/MM/DD'),0,'1619077376869','테스트',1);
Insert into NICEZO.BOARD (NUM,CATEGORY,SUBJECT,REGDATE,READCOUNT,IMAGE,CONTENT,STATUS) values (55,1,'테스트',to_date('21/04/22','RR/MM/DD'),0,'1619077387244','테스트',1);
Insert into NICEZO.BOARD (NUM,CATEGORY,SUBJECT,REGDATE,READCOUNT,IMAGE,CONTENT,STATUS) values (57,1,'테스트',to_date('21/04/22','RR/MM/DD'),0,'1619077397008','테스트',1);
Insert into NICEZO.BOARD (NUM,CATEGORY,SUBJECT,REGDATE,READCOUNT,IMAGE,CONTENT,STATUS) values (59,1,'테스트',to_date('21/04/22','RR/MM/DD'),0,'1619077402673','테스트',1);
Insert into NICEZO.BOARD (NUM,CATEGORY,SUBJECT,REGDATE,READCOUNT,IMAGE,CONTENT,STATUS) values (61,1,'테스트',to_date('21/04/22','RR/MM/DD'),0,'1619077428749','테스트',1);
Insert into NICEZO.BOARD (NUM,CATEGORY,SUBJECT,REGDATE,READCOUNT,IMAGE,CONTENT,STATUS) values (78,1,null,to_date('21/04/22','RR/MM/DD'),0,'1619087163588',null,1);
REM INSERTING into NICEZO.COURSE
SET DEFINE OFF;
Insert into NICEZO.COURSE (COURSE_ID,COURSE_NAME) values (1,'Orange');
Insert into NICEZO.COURSE (COURSE_ID,COURSE_NAME) values (2,'Blue');
Insert into NICEZO.COURSE (COURSE_ID,COURSE_NAME) values (3,'Green');
REM INSERTING into NICEZO.COURSE_GALLERY
SET DEFINE OFF;
Insert into NICEZO.COURSE_GALLERY (COURSE_GALLERY_ID,COURSE_GALLERY_COURSE_NAME,COURSE_GALLERY_HOLE_NO,COURSE_GALLERY_PICTURE) values (1,'Orange',1,'1_1_orange');
Insert into NICEZO.COURSE_GALLERY (COURSE_GALLERY_ID,COURSE_GALLERY_COURSE_NAME,COURSE_GALLERY_HOLE_NO,COURSE_GALLERY_PICTURE) values (2,'Orange',1,'1_2_orange');
Insert into NICEZO.COURSE_GALLERY (COURSE_GALLERY_ID,COURSE_GALLERY_COURSE_NAME,COURSE_GALLERY_HOLE_NO,COURSE_GALLERY_PICTURE) values (3,'Orange',1,'1_3_orange');
Insert into NICEZO.COURSE_GALLERY (COURSE_GALLERY_ID,COURSE_GALLERY_COURSE_NAME,COURSE_GALLERY_HOLE_NO,COURSE_GALLERY_PICTURE) values (4,'Orange',2,'2_1_orange');
Insert into NICEZO.COURSE_GALLERY (COURSE_GALLERY_ID,COURSE_GALLERY_COURSE_NAME,COURSE_GALLERY_HOLE_NO,COURSE_GALLERY_PICTURE) values (5,'Orange',2,'2_2_orange');
Insert into NICEZO.COURSE_GALLERY (COURSE_GALLERY_ID,COURSE_GALLERY_COURSE_NAME,COURSE_GALLERY_HOLE_NO,COURSE_GALLERY_PICTURE) values (6,'Orange',2,'2_3_orange');
Insert into NICEZO.COURSE_GALLERY (COURSE_GALLERY_ID,COURSE_GALLERY_COURSE_NAME,COURSE_GALLERY_HOLE_NO,COURSE_GALLERY_PICTURE) values (7,'Orange',3,'3_1_orange');
Insert into NICEZO.COURSE_GALLERY (COURSE_GALLERY_ID,COURSE_GALLERY_COURSE_NAME,COURSE_GALLERY_HOLE_NO,COURSE_GALLERY_PICTURE) values (8,'Orange',3,'3_2_orange');
Insert into NICEZO.COURSE_GALLERY (COURSE_GALLERY_ID,COURSE_GALLERY_COURSE_NAME,COURSE_GALLERY_HOLE_NO,COURSE_GALLERY_PICTURE) values (9,'Orange',3,'3_3_orange');
Insert into NICEZO.COURSE_GALLERY (COURSE_GALLERY_ID,COURSE_GALLERY_COURSE_NAME,COURSE_GALLERY_HOLE_NO,COURSE_GALLERY_PICTURE) values (10,'Orange',4,'4_1_orange');
Insert into NICEZO.COURSE_GALLERY (COURSE_GALLERY_ID,COURSE_GALLERY_COURSE_NAME,COURSE_GALLERY_HOLE_NO,COURSE_GALLERY_PICTURE) values (11,'Orange',4,'4_2_orange');
Insert into NICEZO.COURSE_GALLERY (COURSE_GALLERY_ID,COURSE_GALLERY_COURSE_NAME,COURSE_GALLERY_HOLE_NO,COURSE_GALLERY_PICTURE) values (12,'Orange',4,'4_3_orange');
Insert into NICEZO.COURSE_GALLERY (COURSE_GALLERY_ID,COURSE_GALLERY_COURSE_NAME,COURSE_GALLERY_HOLE_NO,COURSE_GALLERY_PICTURE) values (13,'Orange',5,'5_1_orange');
Insert into NICEZO.COURSE_GALLERY (COURSE_GALLERY_ID,COURSE_GALLERY_COURSE_NAME,COURSE_GALLERY_HOLE_NO,COURSE_GALLERY_PICTURE) values (14,'Orange',5,'5_2_orange');
Insert into NICEZO.COURSE_GALLERY (COURSE_GALLERY_ID,COURSE_GALLERY_COURSE_NAME,COURSE_GALLERY_HOLE_NO,COURSE_GALLERY_PICTURE) values (15,'Orange',5,'5_3_orange');
Insert into NICEZO.COURSE_GALLERY (COURSE_GALLERY_ID,COURSE_GALLERY_COURSE_NAME,COURSE_GALLERY_HOLE_NO,COURSE_GALLERY_PICTURE) values (16,'Orange',6,'6_1_orange');
Insert into NICEZO.COURSE_GALLERY (COURSE_GALLERY_ID,COURSE_GALLERY_COURSE_NAME,COURSE_GALLERY_HOLE_NO,COURSE_GALLERY_PICTURE) values (17,'Orange',6,'6_2_orange');
Insert into NICEZO.COURSE_GALLERY (COURSE_GALLERY_ID,COURSE_GALLERY_COURSE_NAME,COURSE_GALLERY_HOLE_NO,COURSE_GALLERY_PICTURE) values (18,'Orange',6,'6_3_orange');
Insert into NICEZO.COURSE_GALLERY (COURSE_GALLERY_ID,COURSE_GALLERY_COURSE_NAME,COURSE_GALLERY_HOLE_NO,COURSE_GALLERY_PICTURE) values (19,'Orange',7,'7_1_orange');
Insert into NICEZO.COURSE_GALLERY (COURSE_GALLERY_ID,COURSE_GALLERY_COURSE_NAME,COURSE_GALLERY_HOLE_NO,COURSE_GALLERY_PICTURE) values (20,'Orange',7,'7_2_orange');
Insert into NICEZO.COURSE_GALLERY (COURSE_GALLERY_ID,COURSE_GALLERY_COURSE_NAME,COURSE_GALLERY_HOLE_NO,COURSE_GALLERY_PICTURE) values (21,'Orange',7,'7_3_orange');
Insert into NICEZO.COURSE_GALLERY (COURSE_GALLERY_ID,COURSE_GALLERY_COURSE_NAME,COURSE_GALLERY_HOLE_NO,COURSE_GALLERY_PICTURE) values (22,'Orange',8,'8_1_orange');
Insert into NICEZO.COURSE_GALLERY (COURSE_GALLERY_ID,COURSE_GALLERY_COURSE_NAME,COURSE_GALLERY_HOLE_NO,COURSE_GALLERY_PICTURE) values (23,'Orange',8,'8_2_orange');
Insert into NICEZO.COURSE_GALLERY (COURSE_GALLERY_ID,COURSE_GALLERY_COURSE_NAME,COURSE_GALLERY_HOLE_NO,COURSE_GALLERY_PICTURE) values (24,'Orange',8,'8_3_orange');
Insert into NICEZO.COURSE_GALLERY (COURSE_GALLERY_ID,COURSE_GALLERY_COURSE_NAME,COURSE_GALLERY_HOLE_NO,COURSE_GALLERY_PICTURE) values (25,'Orange',9,'9_1_orange');
Insert into NICEZO.COURSE_GALLERY (COURSE_GALLERY_ID,COURSE_GALLERY_COURSE_NAME,COURSE_GALLERY_HOLE_NO,COURSE_GALLERY_PICTURE) values (26,'Orange',9,'9_2_orange');
Insert into NICEZO.COURSE_GALLERY (COURSE_GALLERY_ID,COURSE_GALLERY_COURSE_NAME,COURSE_GALLERY_HOLE_NO,COURSE_GALLERY_PICTURE) values (27,'Orange',9,'9_3_orange');
Insert into NICEZO.COURSE_GALLERY (COURSE_GALLERY_ID,COURSE_GALLERY_COURSE_NAME,COURSE_GALLERY_HOLE_NO,COURSE_GALLERY_PICTURE) values (28,'Blue',1,'1_1_blue');
Insert into NICEZO.COURSE_GALLERY (COURSE_GALLERY_ID,COURSE_GALLERY_COURSE_NAME,COURSE_GALLERY_HOLE_NO,COURSE_GALLERY_PICTURE) values (29,'Blue',1,'1_2_blue');
Insert into NICEZO.COURSE_GALLERY (COURSE_GALLERY_ID,COURSE_GALLERY_COURSE_NAME,COURSE_GALLERY_HOLE_NO,COURSE_GALLERY_PICTURE) values (30,'Blue',1,'1_3_blue');
Insert into NICEZO.COURSE_GALLERY (COURSE_GALLERY_ID,COURSE_GALLERY_COURSE_NAME,COURSE_GALLERY_HOLE_NO,COURSE_GALLERY_PICTURE) values (31,'Blue',2,'2_1_blue');
Insert into NICEZO.COURSE_GALLERY (COURSE_GALLERY_ID,COURSE_GALLERY_COURSE_NAME,COURSE_GALLERY_HOLE_NO,COURSE_GALLERY_PICTURE) values (32,'Blue',2,'2_2_blue');
Insert into NICEZO.COURSE_GALLERY (COURSE_GALLERY_ID,COURSE_GALLERY_COURSE_NAME,COURSE_GALLERY_HOLE_NO,COURSE_GALLERY_PICTURE) values (33,'Blue',2,'2_3_blue');
Insert into NICEZO.COURSE_GALLERY (COURSE_GALLERY_ID,COURSE_GALLERY_COURSE_NAME,COURSE_GALLERY_HOLE_NO,COURSE_GALLERY_PICTURE) values (34,'Blue',3,'3_1_blue');
Insert into NICEZO.COURSE_GALLERY (COURSE_GALLERY_ID,COURSE_GALLERY_COURSE_NAME,COURSE_GALLERY_HOLE_NO,COURSE_GALLERY_PICTURE) values (35,'Blue',3,'3_2_blue');
Insert into NICEZO.COURSE_GALLERY (COURSE_GALLERY_ID,COURSE_GALLERY_COURSE_NAME,COURSE_GALLERY_HOLE_NO,COURSE_GALLERY_PICTURE) values (36,'Blue',3,'3_3_blue');
Insert into NICEZO.COURSE_GALLERY (COURSE_GALLERY_ID,COURSE_GALLERY_COURSE_NAME,COURSE_GALLERY_HOLE_NO,COURSE_GALLERY_PICTURE) values (37,'Blue',4,'4_1_blue');
Insert into NICEZO.COURSE_GALLERY (COURSE_GALLERY_ID,COURSE_GALLERY_COURSE_NAME,COURSE_GALLERY_HOLE_NO,COURSE_GALLERY_PICTURE) values (38,'Blue',4,'4_2_blue');
Insert into NICEZO.COURSE_GALLERY (COURSE_GALLERY_ID,COURSE_GALLERY_COURSE_NAME,COURSE_GALLERY_HOLE_NO,COURSE_GALLERY_PICTURE) values (39,'Blue',4,'4_3_blue');
Insert into NICEZO.COURSE_GALLERY (COURSE_GALLERY_ID,COURSE_GALLERY_COURSE_NAME,COURSE_GALLERY_HOLE_NO,COURSE_GALLERY_PICTURE) values (40,'Blue',5,'5_1_blue');
Insert into NICEZO.COURSE_GALLERY (COURSE_GALLERY_ID,COURSE_GALLERY_COURSE_NAME,COURSE_GALLERY_HOLE_NO,COURSE_GALLERY_PICTURE) values (41,'Blue',5,'5_2_blue');
Insert into NICEZO.COURSE_GALLERY (COURSE_GALLERY_ID,COURSE_GALLERY_COURSE_NAME,COURSE_GALLERY_HOLE_NO,COURSE_GALLERY_PICTURE) values (42,'Blue',5,'5_3_blue');
Insert into NICEZO.COURSE_GALLERY (COURSE_GALLERY_ID,COURSE_GALLERY_COURSE_NAME,COURSE_GALLERY_HOLE_NO,COURSE_GALLERY_PICTURE) values (43,'Blue',6,'6_1_blue');
Insert into NICEZO.COURSE_GALLERY (COURSE_GALLERY_ID,COURSE_GALLERY_COURSE_NAME,COURSE_GALLERY_HOLE_NO,COURSE_GALLERY_PICTURE) values (44,'Blue',6,'6_2_blue');
Insert into NICEZO.COURSE_GALLERY (COURSE_GALLERY_ID,COURSE_GALLERY_COURSE_NAME,COURSE_GALLERY_HOLE_NO,COURSE_GALLERY_PICTURE) values (45,'Blue',6,'6_3_blue');
Insert into NICEZO.COURSE_GALLERY (COURSE_GALLERY_ID,COURSE_GALLERY_COURSE_NAME,COURSE_GALLERY_HOLE_NO,COURSE_GALLERY_PICTURE) values (46,'Blue',7,'7_1_blue');
Insert into NICEZO.COURSE_GALLERY (COURSE_GALLERY_ID,COURSE_GALLERY_COURSE_NAME,COURSE_GALLERY_HOLE_NO,COURSE_GALLERY_PICTURE) values (47,'Blue',7,'7_2_blue');
Insert into NICEZO.COURSE_GALLERY (COURSE_GALLERY_ID,COURSE_GALLERY_COURSE_NAME,COURSE_GALLERY_HOLE_NO,COURSE_GALLERY_PICTURE) values (48,'Blue',7,'7_3_blue');
Insert into NICEZO.COURSE_GALLERY (COURSE_GALLERY_ID,COURSE_GALLERY_COURSE_NAME,COURSE_GALLERY_HOLE_NO,COURSE_GALLERY_PICTURE) values (49,'Blue',8,'8_1_blue');
Insert into NICEZO.COURSE_GALLERY (COURSE_GALLERY_ID,COURSE_GALLERY_COURSE_NAME,COURSE_GALLERY_HOLE_NO,COURSE_GALLERY_PICTURE) values (50,'Blue',8,'8_2_blue');
Insert into NICEZO.COURSE_GALLERY (COURSE_GALLERY_ID,COURSE_GALLERY_COURSE_NAME,COURSE_GALLERY_HOLE_NO,COURSE_GALLERY_PICTURE) values (51,'Blue',8,'8_3_blue');
Insert into NICEZO.COURSE_GALLERY (COURSE_GALLERY_ID,COURSE_GALLERY_COURSE_NAME,COURSE_GALLERY_HOLE_NO,COURSE_GALLERY_PICTURE) values (52,'Blue',9,'9_1_blue');
Insert into NICEZO.COURSE_GALLERY (COURSE_GALLERY_ID,COURSE_GALLERY_COURSE_NAME,COURSE_GALLERY_HOLE_NO,COURSE_GALLERY_PICTURE) values (53,'Blue',9,'9_2_blue');
Insert into NICEZO.COURSE_GALLERY (COURSE_GALLERY_ID,COURSE_GALLERY_COURSE_NAME,COURSE_GALLERY_HOLE_NO,COURSE_GALLERY_PICTURE) values (54,'Blue',9,'9_3_blue');
Insert into NICEZO.COURSE_GALLERY (COURSE_GALLERY_ID,COURSE_GALLERY_COURSE_NAME,COURSE_GALLERY_HOLE_NO,COURSE_GALLERY_PICTURE) values (55,'Green',1,'1_1_green');
Insert into NICEZO.COURSE_GALLERY (COURSE_GALLERY_ID,COURSE_GALLERY_COURSE_NAME,COURSE_GALLERY_HOLE_NO,COURSE_GALLERY_PICTURE) values (56,'Green',1,'1_2_green');
Insert into NICEZO.COURSE_GALLERY (COURSE_GALLERY_ID,COURSE_GALLERY_COURSE_NAME,COURSE_GALLERY_HOLE_NO,COURSE_GALLERY_PICTURE) values (57,'Green',1,'1_3_green');
Insert into NICEZO.COURSE_GALLERY (COURSE_GALLERY_ID,COURSE_GALLERY_COURSE_NAME,COURSE_GALLERY_HOLE_NO,COURSE_GALLERY_PICTURE) values (58,'Green',2,'2_1_green');
Insert into NICEZO.COURSE_GALLERY (COURSE_GALLERY_ID,COURSE_GALLERY_COURSE_NAME,COURSE_GALLERY_HOLE_NO,COURSE_GALLERY_PICTURE) values (59,'Green',2,'2_2_green');
Insert into NICEZO.COURSE_GALLERY (COURSE_GALLERY_ID,COURSE_GALLERY_COURSE_NAME,COURSE_GALLERY_HOLE_NO,COURSE_GALLERY_PICTURE) values (60,'Green',2,'2_3_green');
Insert into NICEZO.COURSE_GALLERY (COURSE_GALLERY_ID,COURSE_GALLERY_COURSE_NAME,COURSE_GALLERY_HOLE_NO,COURSE_GALLERY_PICTURE) values (61,'Green',3,'3_1_green');
Insert into NICEZO.COURSE_GALLERY (COURSE_GALLERY_ID,COURSE_GALLERY_COURSE_NAME,COURSE_GALLERY_HOLE_NO,COURSE_GALLERY_PICTURE) values (62,'Green',3,'3_2_green');
Insert into NICEZO.COURSE_GALLERY (COURSE_GALLERY_ID,COURSE_GALLERY_COURSE_NAME,COURSE_GALLERY_HOLE_NO,COURSE_GALLERY_PICTURE) values (63,'Green',3,'3_3_green');
Insert into NICEZO.COURSE_GALLERY (COURSE_GALLERY_ID,COURSE_GALLERY_COURSE_NAME,COURSE_GALLERY_HOLE_NO,COURSE_GALLERY_PICTURE) values (64,'Green',4,'4_1_green');
Insert into NICEZO.COURSE_GALLERY (COURSE_GALLERY_ID,COURSE_GALLERY_COURSE_NAME,COURSE_GALLERY_HOLE_NO,COURSE_GALLERY_PICTURE) values (65,'Green',4,'4_2_green');
Insert into NICEZO.COURSE_GALLERY (COURSE_GALLERY_ID,COURSE_GALLERY_COURSE_NAME,COURSE_GALLERY_HOLE_NO,COURSE_GALLERY_PICTURE) values (66,'Green',4,'4_3_green');
Insert into NICEZO.COURSE_GALLERY (COURSE_GALLERY_ID,COURSE_GALLERY_COURSE_NAME,COURSE_GALLERY_HOLE_NO,COURSE_GALLERY_PICTURE) values (67,'Green',5,'5_1_green');
Insert into NICEZO.COURSE_GALLERY (COURSE_GALLERY_ID,COURSE_GALLERY_COURSE_NAME,COURSE_GALLERY_HOLE_NO,COURSE_GALLERY_PICTURE) values (68,'Green',5,'5_2_green');
Insert into NICEZO.COURSE_GALLERY (COURSE_GALLERY_ID,COURSE_GALLERY_COURSE_NAME,COURSE_GALLERY_HOLE_NO,COURSE_GALLERY_PICTURE) values (69,'Green',5,'5_3_green');
Insert into NICEZO.COURSE_GALLERY (COURSE_GALLERY_ID,COURSE_GALLERY_COURSE_NAME,COURSE_GALLERY_HOLE_NO,COURSE_GALLERY_PICTURE) values (70,'Green',6,'6_1_green');
Insert into NICEZO.COURSE_GALLERY (COURSE_GALLERY_ID,COURSE_GALLERY_COURSE_NAME,COURSE_GALLERY_HOLE_NO,COURSE_GALLERY_PICTURE) values (71,'Green',6,'6_2_green');
Insert into NICEZO.COURSE_GALLERY (COURSE_GALLERY_ID,COURSE_GALLERY_COURSE_NAME,COURSE_GALLERY_HOLE_NO,COURSE_GALLERY_PICTURE) values (72,'Green',6,'6_3_green');
Insert into NICEZO.COURSE_GALLERY (COURSE_GALLERY_ID,COURSE_GALLERY_COURSE_NAME,COURSE_GALLERY_HOLE_NO,COURSE_GALLERY_PICTURE) values (73,'Green',7,'7_1_green');
Insert into NICEZO.COURSE_GALLERY (COURSE_GALLERY_ID,COURSE_GALLERY_COURSE_NAME,COURSE_GALLERY_HOLE_NO,COURSE_GALLERY_PICTURE) values (74,'Green',7,'7_2_green');
Insert into NICEZO.COURSE_GALLERY (COURSE_GALLERY_ID,COURSE_GALLERY_COURSE_NAME,COURSE_GALLERY_HOLE_NO,COURSE_GALLERY_PICTURE) values (75,'Green',7,'7_3_green');
Insert into NICEZO.COURSE_GALLERY (COURSE_GALLERY_ID,COURSE_GALLERY_COURSE_NAME,COURSE_GALLERY_HOLE_NO,COURSE_GALLERY_PICTURE) values (76,'Green',8,'8_1_green');
Insert into NICEZO.COURSE_GALLERY (COURSE_GALLERY_ID,COURSE_GALLERY_COURSE_NAME,COURSE_GALLERY_HOLE_NO,COURSE_GALLERY_PICTURE) values (77,'Green',8,'8_2_green');
Insert into NICEZO.COURSE_GALLERY (COURSE_GALLERY_ID,COURSE_GALLERY_COURSE_NAME,COURSE_GALLERY_HOLE_NO,COURSE_GALLERY_PICTURE) values (78,'Green',8,'8_3_green');
Insert into NICEZO.COURSE_GALLERY (COURSE_GALLERY_ID,COURSE_GALLERY_COURSE_NAME,COURSE_GALLERY_HOLE_NO,COURSE_GALLERY_PICTURE) values (79,'Green',9,'9_1_green');
Insert into NICEZO.COURSE_GALLERY (COURSE_GALLERY_ID,COURSE_GALLERY_COURSE_NAME,COURSE_GALLERY_HOLE_NO,COURSE_GALLERY_PICTURE) values (80,'Green',9,'9_2_green');
Insert into NICEZO.COURSE_GALLERY (COURSE_GALLERY_ID,COURSE_GALLERY_COURSE_NAME,COURSE_GALLERY_HOLE_NO,COURSE_GALLERY_PICTURE) values (81,'Green',9,'9_3_green');
REM INSERTING into NICEZO.HOLE
SET DEFINE OFF;
Insert into NICEZO.HOLE (HOLE_ID,HOLE_COURSE_NAME,HOLE_NO,HOLE_BLUE,HOLE_WHITE,HOLE_GOLD,HOLE_RED,HOLE_PAR,HOLE_HDCP,HOLE_PICTURE,HOLE_STATE,HOLE_DETAIL) values (1,'Orange',1,370,353,332,274,4,4,'orange_h01.jpg',0,'티잉그라운드에 서면 코스 전체가 한눈에 들어와 첫 홀부터 멋진 샷을 날릴 것 같은 기분이 상쾌해지는 홀이다.
티샷은 세컨샷 부근 좌측 2개의 벙커를 주의하여 페어웨이 중앙 우측을 보는 것이 좋다.
세컨샷은 우측 그린과 좌측 그린의 거리 차가 크기 때문에 좌측 그린 사용 시 2클럽 정도 길게 잡는 것이 좋다.');
Insert into NICEZO.HOLE (HOLE_ID,HOLE_COURSE_NAME,HOLE_NO,HOLE_BLUE,HOLE_WHITE,HOLE_GOLD,HOLE_RED,HOLE_PAR,HOLE_HDCP,HOLE_PICTURE,HOLE_STATE,HOLE_DETAIL) values (2,'Orange',2,326,310,291,278,4,7,'orange_h02.jpg',0,'거리가 짧아 심리적으로 편하고 비기너 분들도 충분히 PAR를 기록할 수 있는 홀이다.
티샷은 우측에 긴 벙커가 있으므로 약간 왼쪽으로 치는 것이 좋으며 좌, 우측의 O.B에 주의해야 한다.');
Insert into NICEZO.HOLE (HOLE_ID,HOLE_COURSE_NAME,HOLE_NO,HOLE_BLUE,HOLE_WHITE,HOLE_GOLD,HOLE_RED,HOLE_PAR,HOLE_HDCP,HOLE_PICTURE,HOLE_STATE,HOLE_DETAIL) values (3,'Orange',3,518,503,483,422,5,3,'orange_h03.jpg',0,'PAR 5홀로서 티잉그라운드에서 그린이 보이지 않으므로 방향 선정을 잘 하여야 한다.
티샷은 약 150m 지점 우측에 벙커가 도사리고 있으므로 좌측 언덕 나무 방향이 좋다.
좌측 공간이 좀 넓은 편이라 부담 없이 칠 수 있으며 세컨샷은 페어웨이 중앙을 보고 공략하고 서드샷은 웨지나 숏 아이언으로 정확하게 공략할 수 있다.
장타자이면 투 온도 가능하다.');
Insert into NICEZO.HOLE (HOLE_ID,HOLE_COURSE_NAME,HOLE_NO,HOLE_BLUE,HOLE_WHITE,HOLE_GOLD,HOLE_RED,HOLE_PAR,HOLE_HDCP,HOLE_PICTURE,HOLE_STATE,HOLE_DETAIL) values (4,'Orange',4,397,369,346,290,4,1,'orange_h04.jpg',0,'PAR 4홀로서 티잉그라운드에 올라서면 그린이 한눈에 보이며 O.B는 좌, 우에 있지만 평평하고 넓은 페어웨이를 바라보면 가슴이 탁 트이는 안정감에 비기너 분들도 욕심이 생기는 홀이다.
티샷은 코스가 길고 멀어 보이기 때문에 힘이 들어가 훅이나 슬라이스를 유발하기 쉬우므로 거리에 신경 쓰지 말고 힘을 빼고 가볍게 스윙을 하여야 한다.');
Insert into NICEZO.HOLE (HOLE_ID,HOLE_COURSE_NAME,HOLE_NO,HOLE_BLUE,HOLE_WHITE,HOLE_GOLD,HOLE_RED,HOLE_PAR,HOLE_HDCP,HOLE_PICTURE,HOLE_STATE,HOLE_DETAIL) values (5,'Orange',5,164,152,138,123,3,9,'orange_h05.jpg',0,'PAR 3홀로서 비교적 짧은 홀이나 그린주변에 벙커가 에워싸고 있으므로 방심할 수 없는 홀이다.
우측 그린을 사용 시 한 클럽을 길게 잡는 것이 유리하다.
좌측 그린을 사용 시 정상클럽을 사용하며 그린 바로 뒤에 O.B가 있어 약간의 부담을 느낄 수 있다.');
Insert into NICEZO.HOLE (HOLE_ID,HOLE_COURSE_NAME,HOLE_NO,HOLE_BLUE,HOLE_WHITE,HOLE_GOLD,HOLE_RED,HOLE_PAR,HOLE_HDCP,HOLE_PICTURE,HOLE_STATE,HOLE_DETAIL) values (6,'Orange',6,393,371,350,258,4,2,'orange_h06.jpg',0,'PAR 4홀로서 티잉그라운드에 서면 왼쪽 O.B와 길쭉한 벙커가 눈에 들어온다.
티샷은 페어웨이 중앙우측을 겨냥하며, 세컨샷은 왼쪽 벙커를 유의하면서 그린이 오르막이기 때문에 보이는 시야보다 한 클럽 길게 잡는 것이 좋다.
그린주변이 넓고 편하기 때문에 에버리지 골퍼라면 버디를 욕심낼만한 홀이다.');
Insert into NICEZO.HOLE (HOLE_ID,HOLE_COURSE_NAME,HOLE_NO,HOLE_BLUE,HOLE_WHITE,HOLE_GOLD,HOLE_RED,HOLE_PAR,HOLE_HDCP,HOLE_PICTURE,HOLE_STATE,HOLE_DETAIL) values (7,'Orange',7,166,153,137,120,3,8,'orange_h07.jpg',0,'내리막 PAR 3홀이지만 제거리가 있는 홀이다.
또한 그린 뒤에는 내리막 지형으로 그린 오버 시 O.B가 날 수 있다.
티샷은 우측 그린의 경우 한 클럽 길게 잡는 것이 좋으며, 클럽선택은 바람의 방향에 따라 두 클럽정도의 차이가 나며 그린 앞 양쪽에 벙커가 있어 조금 넉넉한 클럽선택을 하는 것이 좋다.
그린은 조금 까다로운 편이므로 핀을 직접 노리거나 그린 중앙을 향해 샷을 해야 한다.');
Insert into NICEZO.HOLE (HOLE_ID,HOLE_COURSE_NAME,HOLE_NO,HOLE_BLUE,HOLE_WHITE,HOLE_GOLD,HOLE_RED,HOLE_PAR,HOLE_HDCP,HOLE_PICTURE,HOLE_STATE,HOLE_DETAIL) values (8,'Orange',8,539,517,497,407,5,5,'orange_h08.jpg',0,'약간 긴 PAR 5홀이지만 그린까지 완만한 페어웨이라 부담이 없는 홀이다.
티샷은 오른쪽에 벙커와 O.B가 도사리고 있기 때문에 페어웨이 중앙 좌측을 보는 것이 좋으며 세컨샷도 약간 왼쪽으로 공략하는 것이 좋다.');
Insert into NICEZO.HOLE (HOLE_ID,HOLE_COURSE_NAME,HOLE_NO,HOLE_BLUE,HOLE_WHITE,HOLE_GOLD,HOLE_RED,HOLE_PAR,HOLE_HDCP,HOLE_PICTURE,HOLE_STATE,HOLE_DETAIL) values (9,'Orange',9,379,362,342,302,4,6,'orange_h09.jpg',0,'PAR 4홀로서 길이도 긴 편이며 세컨샷 지점 양 옆에 벙커가 있어 시각적으로 부담스러운 홀이다.
티샷은 그린과 그린사이 벙커를 보는 것이 좋으며 티샷이 잘 맞아야 세컨샷 하기가 수월하다.
그린 앞에 양쪽으로 벙커가 있어 세컨샷의 정확도가 요구되며 약간 여유 있는 클럽으로 띄워 치는 것이 좋다.');
Insert into NICEZO.HOLE (HOLE_ID,HOLE_COURSE_NAME,HOLE_NO,HOLE_BLUE,HOLE_WHITE,HOLE_GOLD,HOLE_RED,HOLE_PAR,HOLE_HDCP,HOLE_PICTURE,HOLE_STATE,HOLE_DETAIL) values (10,'Blue',1,380,361,344,241,4,6,'blue_h01.jpg',0,'PAR 4홀로서 내리막이 심하고 그린까지 한눈에 보이는 편안한 홀이지만 슬라이스가 많이 나는 홀이다.
티샷은 좌측에 커다란 벙커가 있으므로 페어웨이 중앙 오른쪽으로 가볍게 치는 것이 좋다.
세컨샷은 그린 앞 벙커와 그린 뒤에 O.B가 있으므로 거리조정에 신경을 써야한다.');
Insert into NICEZO.HOLE (HOLE_ID,HOLE_COURSE_NAME,HOLE_NO,HOLE_BLUE,HOLE_WHITE,HOLE_GOLD,HOLE_RED,HOLE_PAR,HOLE_HDCP,HOLE_PICTURE,HOLE_STATE,HOLE_DETAIL) values (11,'Blue',2,512,494,473,403,5,1,'blue_h02.jpg',0,'비교적 길고 전체적으로 오르막이며 약간 휘어진 핸디캡 1번 홀이다.
티샷은 좌측이 벙커가 있어 페어웨이 중앙으로 공략하여야 하고 세컨샷은 좌측에 O.B가 있어 페어웨이 중앙 우측을 보는 것이 좋다.
서드샷은 그린까지 오르막 지형에 그린 앞쪽 벙커가 있어 한 클럽정도 길게 보아야 하며 그린은 우측에서 좌측으로 흐르는 그린이므로 핀 우측을 겨냥 하여야 한다.');
Insert into NICEZO.HOLE (HOLE_ID,HOLE_COURSE_NAME,HOLE_NO,HOLE_BLUE,HOLE_WHITE,HOLE_GOLD,HOLE_RED,HOLE_PAR,HOLE_HDCP,HOLE_PICTURE,HOLE_STATE,HOLE_DETAIL) values (12,'Blue',3,376,358,338,272,4,3,'blue_h03.jpg',0,'PAR 4홀로서 거리의 부담은 없는 홀이지만 IP지점부터 그린까지 심한 내리막지형이다.
티샷은 거리가 많이 나면 심한 내리막에 걸려 세컨샷을 하기가 나쁘므로 거리에 신경 쓰지 말고 가볍게 티샷 하는 것이 좋다.
세컨샷이 오버되면 O.B가 날 수 있으므로 한두 클럽 덜 잡고 토핑이 나지 않도록 조심하여야 한다.');
Insert into NICEZO.HOLE (HOLE_ID,HOLE_COURSE_NAME,HOLE_NO,HOLE_BLUE,HOLE_WHITE,HOLE_GOLD,HOLE_RED,HOLE_PAR,HOLE_HDCP,HOLE_PICTURE,HOLE_STATE,HOLE_DETAIL) values (13,'Blue',4,191,174,158,149,3,8,'blue_h04.jpg',0,'이 홀은 연못을 넘겨야하는 PAR 3이다.
거리가 긴 편이기 때문에 우드나 롱 아이언으로 공략해야 하며 그린과 그린사이 언덕 편으로 공략하는 것이 안전하며 좌측과 뒤쪽에 벙커가 있으므로 핀보다 약간 우측으로 공략해야 하는 코스다.');
Insert into NICEZO.HOLE (HOLE_ID,HOLE_COURSE_NAME,HOLE_NO,HOLE_BLUE,HOLE_WHITE,HOLE_GOLD,HOLE_RED,HOLE_PAR,HOLE_HDCP,HOLE_PICTURE,HOLE_STATE,HOLE_DETAIL) values (14,'Blue',5,388,368,348,288,4,2,'blue_h05.jpg',0,'티잉그라운드에서 그린이 바로 보이며 PAR 플레이 하기엔 부담이 없는 홀이다.
티샷은 중앙이나 약간 우측으로 공략하는 것이 좋으며 그린의 좌측 앞과 뒤쪽에 벙커가 있고 우측이 언덕이므로 약간 우측으로 공략을 해야 한다.');
Insert into NICEZO.HOLE (HOLE_ID,HOLE_COURSE_NAME,HOLE_NO,HOLE_BLUE,HOLE_WHITE,HOLE_GOLD,HOLE_RED,HOLE_PAR,HOLE_HDCP,HOLE_PICTURE,HOLE_STATE,HOLE_DETAIL) values (15,'Blue',6,333,317,300,254,4,7,'blue_h06.jpg',0,'PAR 4홀로서 티잉그라운드부터 그린까지 오르막 지형으로 이루어져 있다.
하지만 페어웨이가 넓고 페어웨이 벙커가 없기 때문에 부담이 없는 홀이다.
티샷은 페어웨이 중앙으로 보내고 세컨샷은 그린이 오르막으로 보이지만 실제 거리는 짧은 편이므로 거리표시보다 한 클럽 덜 잡는 것이 유리하다.');
Insert into NICEZO.HOLE (HOLE_ID,HOLE_COURSE_NAME,HOLE_NO,HOLE_BLUE,HOLE_WHITE,HOLE_GOLD,HOLE_RED,HOLE_PAR,HOLE_HDCP,HOLE_PICTURE,HOLE_STATE,HOLE_DETAIL) values (16,'Blue',7,189,169,149,128,3,9,'blue_h07.jpg',0,'장애물이 없는 편안한 PAR 3홀이다.
티샷은 그린 앞 벙커를 조심하여야 하며 우측 그린의 경우 슬라이스가 조금이라도 나면 O.B가 될 수 있으므로 그린과 그린사이로 공략하는 것이 안전하다.');
Insert into NICEZO.HOLE (HOLE_ID,HOLE_COURSE_NAME,HOLE_NO,HOLE_BLUE,HOLE_WHITE,HOLE_GOLD,HOLE_RED,HOLE_PAR,HOLE_HDCP,HOLE_PICTURE,HOLE_STATE,HOLE_DETAIL) values (25,'Green',7,201,183,166,153,3,8,'green_h07.jpg',0,'클럽에서 PAR 3홀 중 가장 긴 홀이다.
티샷은 한 클럽 정도 길게 잡고 그린 앞 벙커를 주의하여 그린과 그린사이로 공략 하는 것이 안전하다.
티샷이 훅이 날 경우 O.B가 많이 나며 핀보다 우측으로 공략하여야 한다.');
Insert into NICEZO.HOLE (HOLE_ID,HOLE_COURSE_NAME,HOLE_NO,HOLE_BLUE,HOLE_WHITE,HOLE_GOLD,HOLE_RED,HOLE_PAR,HOLE_HDCP,HOLE_PICTURE,HOLE_STATE,HOLE_DETAIL) values (17,'Blue',8,513,499,484,424,5,5,'blue_h08.jpg',0,'이 홀은 PAR 5홀로서 그리 어려운 홀은 아니지만 페어웨이 중간 중간에 벙커가 있어 이 벙커들만 피하면 PAR 플레이하기엔 무난한 홀이다.
티샷은 페어웨이 중앙 좌측을 보는 것이 좋으며 세컨샷은 좌측 벙커 우측 끝을 보고 공략하는 것이 좋다.
서드샷은 우측 그린의 경우 그린을 오버하면 내리막 지형이라 O.B가 날 수 있다.');
Insert into NICEZO.HOLE (HOLE_ID,HOLE_COURSE_NAME,HOLE_NO,HOLE_BLUE,HOLE_WHITE,HOLE_GOLD,HOLE_RED,HOLE_PAR,HOLE_HDCP,HOLE_PICTURE,HOLE_STATE,HOLE_DETAIL) values (18,'Blue',9,420,397,372,263,4,4,'blue_h09.jpg',0,'이 홀은 블루코스에서 가장 긴 PAR 4홀로 세컨샷 지점부터 그린까지 오르막으로 형성이 되어 있고 그린 앞쪽에 벙커들이 있어 PAR 세이브 하기가 어려운 홀이다.
티샷은 좌측 그린 앞 벙커를 보는 것이 좋으며 세컨샷은 그린이 오르막 지형에 있어 한두 클럽 길게 잡는 것이 좋다.');
Insert into NICEZO.HOLE (HOLE_ID,HOLE_COURSE_NAME,HOLE_NO,HOLE_BLUE,HOLE_WHITE,HOLE_GOLD,HOLE_RED,HOLE_PAR,HOLE_HDCP,HOLE_PICTURE,HOLE_STATE,HOLE_DETAIL) values (19,'Green',1,371,353,335,258,4,5,'green_h01.jpg',0,'편안한 PAR 4홀이다. 티샷은 페어웨이 좌측에 벙커가 있으므로 페어웨이 중앙으로 가볍게 공략을 하여야 한다.
세컨샷은 그린 앞 벙커와 그린 뒤에 O.B를 조심하여야 하며 세컨샷이 훅이 날 경우 O.B발생률이 높다.');
Insert into NICEZO.HOLE (HOLE_ID,HOLE_COURSE_NAME,HOLE_NO,HOLE_BLUE,HOLE_WHITE,HOLE_GOLD,HOLE_RED,HOLE_PAR,HOLE_HDCP,HOLE_PICTURE,HOLE_STATE,HOLE_DETAIL) values (20,'Green',2,410,390,373,273,4,3,'green_h02.jpg',0,'티잉그라운드에서 그린이 보이지 않는 상당히 긴 느낌을 주는 PAR 4홀이다.
티샷은 페어웨이 중앙 우측으로 공략하고 세컨샷은 내리막 지형이지만 클럽은 정상적으로 잡고 쳐야한다.
그린 앞 좌측 벙커를 조심하고 그린 우측을 공략하는 것이 안전하다.');
Insert into NICEZO.HOLE (HOLE_ID,HOLE_COURSE_NAME,HOLE_NO,HOLE_BLUE,HOLE_WHITE,HOLE_GOLD,HOLE_RED,HOLE_PAR,HOLE_HDCP,HOLE_PICTURE,HOLE_STATE,HOLE_DETAIL) values (21,'Green',3,527,513,493,423,5,6,'green_h03.jpg',0,'편안한 서비스 PAR 5홀로서 비기너 분들도 충분히 PAR 세이브 할 수 있는 홀이다.
티샷은 페어웨이 중앙 우측으로 공략하고 세컨샷은 페어웨이가 넓기 때문에 그린 사이로 과감하게 공략하여도 좋다.');
Insert into NICEZO.HOLE (HOLE_ID,HOLE_COURSE_NAME,HOLE_NO,HOLE_BLUE,HOLE_WHITE,HOLE_GOLD,HOLE_RED,HOLE_PAR,HOLE_HDCP,HOLE_PICTURE,HOLE_STATE,HOLE_DETAIL) values (22,'Green',4,145,127,127,120,3,9,'green_h04.jpg',0,'클럽에서 가장 짧은 PAR 3홀이다. 거리는 짧지만 해저드가 있어서 조금은 부담스러운 홀이다.
티샷은 그린이 오르막 지형이고 앞바람이 많은 홀이므로 한 클럽이상 길게 선택을 하는 것이 좋으며 우측의 벙커와 러프를 조심하고 바운드의 영향도 고려하여야 한다.');
Insert into NICEZO.HOLE (HOLE_ID,HOLE_COURSE_NAME,HOLE_NO,HOLE_BLUE,HOLE_WHITE,HOLE_GOLD,HOLE_RED,HOLE_PAR,HOLE_HDCP,HOLE_PICTURE,HOLE_STATE,HOLE_DETAIL) values (23,'Green',5,393,374,359,287,4,1,'green_h05.jpg',0,'핸디캡 1번 홀이라 페어웨이가 비교적 좁고 코스 길이가 길어 PAR 플레이하기엔 조금 힘든 홀이다.
티샷은 멀리 보이는 좌측 벙커를 향해 공략하는 것이 좋으며 세컨샷은 벙커와 같은 장애물을 거치지 않으므로 그린 중앙을 향해 공략 하여도 좋다.');
Insert into NICEZO.HOLE (HOLE_ID,HOLE_COURSE_NAME,HOLE_NO,HOLE_BLUE,HOLE_WHITE,HOLE_GOLD,HOLE_RED,HOLE_PAR,HOLE_HDCP,HOLE_PICTURE,HOLE_STATE,HOLE_DETAIL) values (24,'Green',6,502,481,459,405,5,4,'green_h06.jpg',0,'거리가 긴 PAR 5홀이지만 완만한 홀이라 PAR 플레이하기엔 그다지 문제가 없는 홀이다.
티샷은 좌측에 언덕이 있고 여유가 있으므로 좌측으로 공략 하여야 편안한 세컨샷과 서드샷을 할 수 있다.
서드샷은 그린이 오르막 지형이라 한 클럽 정도 길게 잡는 것이 좋으나 그린에서 많이 오버되면 O.B가 날 수 있으므로 유의 하여야 한다.');
Insert into NICEZO.HOLE (HOLE_ID,HOLE_COURSE_NAME,HOLE_NO,HOLE_BLUE,HOLE_WHITE,HOLE_GOLD,HOLE_RED,HOLE_PAR,HOLE_HDCP,HOLE_PICTURE,HOLE_STATE,HOLE_DETAIL) values (26,'Green',8,399,376,356,292,4,2,'green_h08.jpg',0,'이 홀은 길이가 길고 세컨샷 지점 좌측 공간이 넓지만 좌측으로 가면 그린이 보이지 않아 투온 하기가 힘들다.
티샷은 보이는 언덕 우측 끝을 보는 것이 좋으며 세컨샷은 그린이 좌,우 편차가 있기 때문에 좌 그린의 경우 한 클럽 길게 잡고 왼쪽 언덕으로 공략하면 유리하다.');
Insert into NICEZO.HOLE (HOLE_ID,HOLE_COURSE_NAME,HOLE_NO,HOLE_BLUE,HOLE_WHITE,HOLE_GOLD,HOLE_RED,HOLE_PAR,HOLE_HDCP,HOLE_PICTURE,HOLE_STATE,HOLE_DETAIL) values (27,'Green',9,351,336,319,308,4,7,'green_h09.jpg',0,'이 홀은 길이가 길고 세컨샷 지점 좌측 공간이 넓지만 좌측으로 가면 그린이 보이지 않아 투온 하기가 힘들다.
티샷은 보이는 언덕 우측 끝을 보는 것이 좋으며 세컨샷은 그린이 좌,우 편차가 있기 때문에 좌 그린의 경우 한 클럽 길게 잡고 왼쪽 언덕으로 공략하면 유리하다.');
REM INSERTING into NICEZO.MEMBER
SET DEFINE OFF;
Insert into NICEZO.MEMBER (ID,PASSWORD,NAME,EMAIL,ZIPCODE,ADDRESS1,ADDRESS2,PHONE,STATUS,JOINDATE) values ('test2','$2a$10$aANtQjAUu7X/eBP1bpRVDu6sMFHMJ6zJwTFR7z1cz282qGO.KeKvW','하성원','sungwon9204@naver.com','06118','서울 강남구 강남대로118길 63 (논현동, 삼원빌딩)','itwill 4층','010-1111-3333',1,to_date('21/04/24','RR/MM/DD'));
Insert into NICEZO.MEMBER (ID,PASSWORD,NAME,EMAIL,ZIPCODE,ADDRESS1,ADDRESS2,PHONE,STATUS,JOINDATE) values ('asdf','$2a$10$ZyrVQbYTmWIhql1WfEqyde/uqoYwlTFZtJtau960jj3v8eXGnh5AS','홍길동','hong@itwill.site',null,null,null,'010-1111-1111',9,to_date('21/04/19','RR/MM/DD'));
Insert into NICEZO.MEMBER (ID,PASSWORD,NAME,EMAIL,ZIPCODE,ADDRESS1,ADDRESS2,PHONE,STATUS,JOINDATE) values ('ca00149','$2a$10$IZDysmqLfZ9Fip7ksWJ4h.r.BQdb0K1wq1tYDFFr0GV/PEymW4kkm','최한재','ca00149@naver.com',null,null,null,'01020263205',9,to_date('21/04/22','RR/MM/DD'));
Insert into NICEZO.MEMBER (ID,PASSWORD,NAME,EMAIL,ZIPCODE,ADDRESS1,ADDRESS2,PHONE,STATUS,JOINDATE) values ('test1','$2a$10$UoXOGOhV3ZmaDJFTYkpZbOuY8/SmTZymsTP0y7B4P4PbDDdz9Jb0e','하성원','sungwon9204@naver.com','06118','서울 강남구 강남대로118길 63 (논현동, 삼원빌딩)','4층','010-2020-3030',5,to_date('21/04/23','RR/MM/DD'));
Insert into NICEZO.MEMBER (ID,PASSWORD,NAME,EMAIL,ZIPCODE,ADDRESS1,ADDRESS2,PHONE,STATUS,JOINDATE) values ('aaa1','$2a$10$FqjpnL0m8p1flyzYSfTtoe0tvwVcg9jOtif0o6gBqaWGpObVaWA16','홍길동','isungwon9204@naver.com',null,null,null,'010-1234-1234',1,to_date('21/04/20','RR/MM/DD'));
Insert into NICEZO.MEMBER (ID,PASSWORD,NAME,EMAIL,ZIPCODE,ADDRESS1,ADDRESS2,PHONE,STATUS,JOINDATE) values ('q1111','$2a$10$IftuY07.ZVMD3NApSJqwZe4waUbYgSo6V1wf3dPZus6e1hiq7tu8e','전우치','asd123@itwill.site','06118','서울 강남구 강남대로118길 63 (논현동, 삼원빌딩)','4층 itwill 4강의장','010-1234-2345',1,to_date('21/04/22','RR/MM/DD'));
Insert into NICEZO.MEMBER (ID,PASSWORD,NAME,EMAIL,ZIPCODE,ADDRESS1,ADDRESS2,PHONE,STATUS,JOINDATE) values ('kyutae8','$2a$10$KJQVoo0ONEEQoc4uacJ1G.GJLhdLfFiKbZt3BPAfnkF2hai/ia7xm','최규태','kyutae8@naver.com','07370','서울 영등포구 도림로 332 (도림동)','신도림','010-2486-4081',1,to_date('21/04/16','RR/MM/DD'));
Insert into NICEZO.MEMBER (ID,PASSWORD,NAME,EMAIL,ZIPCODE,ADDRESS1,ADDRESS2,PHONE,STATUS,JOINDATE) values ('aaaa123','$2a$10$/ipyM0q7Wx3Ooj9AyURt/e4ngSHMr9Qq6WaRE..bzfrKZAVqNuv4i','테스트','abc123@naver.com',null,null,null,'010-1234-1234',1,to_date('21/04/23','RR/MM/DD'));
Insert into NICEZO.MEMBER (ID,PASSWORD,NAME,EMAIL,ZIPCODE,ADDRESS1,ADDRESS2,PHONE,STATUS,JOINDATE) values ('www1','$2a$10$ug4pkzrnO2Yzvc8mdUM56eXvtB.oDcjURZTlyQMR3ecKX0W9ymn5m','이규성','sungwon9204@naver.com',null,null,null,'010-1234-1234',1,to_date('21/04/22','RR/MM/DD'));
Insert into NICEZO.MEMBER (ID,PASSWORD,NAME,EMAIL,ZIPCODE,ADDRESS1,ADDRESS2,PHONE,STATUS,JOINDATE) values ('nanlovlov','$2a$10$3POfUR6PmgAhfC8B4Cyelugkxo0jWIGqsSOVqxMSTNFWaZbmTV1A.','홍재연','ghdwodus1@naver.com','16844','경기 용인시 수지구 풍덕천로 17 (풍덕천동, 진흥아파트)','ddddd','010-9876-5432',5,to_date('21/04/23','RR/MM/DD'));
Insert into NICEZO.MEMBER (ID,PASSWORD,NAME,EMAIL,ZIPCODE,ADDRESS1,ADDRESS2,PHONE,STATUS,JOINDATE) values ('nanlovlov1','$2a$10$Y7rUlylrtd8z1UaF.6RyAO4O9eUXYaMmGUX4zwl8gqgDeCgCF7ami','홍길동','nanlovlov@nate.com','06000','서울 강남구 강남대로 708 (압구정동, 한남대교레인보우카폐)','dddd','011-1435-4353',1,to_date('21/04/23','RR/MM/DD'));
Insert into NICEZO.MEMBER (ID,PASSWORD,NAME,EMAIL,ZIPCODE,ADDRESS1,ADDRESS2,PHONE,STATUS,JOINDATE) values ('kyutae9','$2a$10$BIwpR1dywZM6eA3f842wcuXX.ZRatEfsrcmEmw8X4XS9DDsO9yZ9W','관리몬','kyutae8@naver.com',null,null,null,'01024864081',9,to_date('21/04/21','RR/MM/DD'));
Insert into NICEZO.MEMBER (ID,PASSWORD,NAME,EMAIL,ZIPCODE,ADDRESS1,ADDRESS2,PHONE,STATUS,JOINDATE) values ('aaaa1111','$2a$10$0EiyzMJZ4wBYiq8f1d85LuJa4YW2rH34J7clNNASEm4qGvWfyGDyG','임꺽정','asd123@itwill.site','06118','서울 강남구 강남대로118길 63 (논현동, 삼원빌딩)','4층 itwill 4강의장','010-1234-4321',1,to_date('21/04/21','RR/MM/DD'));
Insert into NICEZO.MEMBER (ID,PASSWORD,NAME,EMAIL,ZIPCODE,ADDRESS1,ADDRESS2,PHONE,STATUS,JOINDATE) values ('ghdwodus1','$2a$10$22jxYJamzIL.yQBrDCGyU.0Y44GyXBzzaDAd2tlQlevsKNseWjvOy','홍재연','ghdwodus1@itwill.site','06035','서울 강남구 가로수길 5 (신사동)','신사','010-1234-5678',9,to_date('21/04/19','RR/MM/DD'));
Insert into NICEZO.MEMBER (ID,PASSWORD,NAME,EMAIL,ZIPCODE,ADDRESS1,ADDRESS2,PHONE,STATUS,JOINDATE) values ('ghdwodus12','$2a$10$LtV5NX8w1JwXkKJYPrLz1uEBbSgi3Sd04NHD8JD09v/.5M3ClXG4S','임꺽정','ghdwodus12@itwill.site','13480','경기 성남시 분당구 대왕판교로 477 (판교동, 낙생고등학교)','ㅇㅇㅇ','010-1234-5678',9,to_date('21/04/23','RR/MM/DD'));
Insert into NICEZO.MEMBER (ID,PASSWORD,NAME,EMAIL,ZIPCODE,ADDRESS1,ADDRESS2,PHONE,STATUS,JOINDATE) values ('test123456','$2a$10$3.RLv9/UgmwyljPBXBg/mefQl3GOhsfoIsN7s4PX2K4bSJFphOs9u','테스트','test123456@naver.com',null,null,null,'010-1234-1234',5,to_date('21/04/24','RR/MM/DD'));
Insert into NICEZO.MEMBER (ID,PASSWORD,NAME,EMAIL,ZIPCODE,ADDRESS1,ADDRESS2,PHONE,STATUS,JOINDATE) values ('abc12345','$2a$10$8gEwuHY0HGrILAu9jDNODucMRN3pcapx3dpQ/8hmlP.7ZRk8y2iHe','asdf',null,null,null,null,null,9,to_date('21/04/21','RR/MM/DD'));
Insert into NICEZO.MEMBER (ID,PASSWORD,NAME,EMAIL,ZIPCODE,ADDRESS1,ADDRESS2,PHONE,STATUS,JOINDATE) values ('asdfasdf','$2a$10$LifHupTvm55a6ni3Av2BQOig.jdcxM0WC/NTMkaw..YlmG2oZObB2','asdfsaf',null,null,null,null,null,1,to_date('21/04/20','RR/MM/DD'));
Insert into NICEZO.MEMBER (ID,PASSWORD,NAME,EMAIL,ZIPCODE,ADDRESS1,ADDRESS2,PHONE,STATUS,JOINDATE) values ('abc1234','$2a$10$bGIlZzbebesCXpu1IOnbKeqCC1KVU5bdnljWtFcacZFTvB.gHjGgW','고길동','go@itwill.iste',null,null,null,'010-5555-5555',1,to_date('21/04/21','RR/MM/DD'));
Insert into NICEZO.MEMBER (ID,PASSWORD,NAME,EMAIL,ZIPCODE,ADDRESS1,ADDRESS2,PHONE,STATUS,JOINDATE) values ('honggildong','$2a$10$d6Fyi./NkOMUDv.bFQi/X.og3ZLroNpZ19Y1B7bFKZOXXLx26KVIW','홍길동',null,null,null,null,null,1,to_date('21/04/21','RR/MM/DD'));
Insert into NICEZO.MEMBER (ID,PASSWORD,NAME,EMAIL,ZIPCODE,ADDRESS1,ADDRESS2,PHONE,STATUS,JOINDATE) values ('aaaa1','$2a$10$p2bjqcOflxs0jGcfWh3e9./jxsoLR.nnP18lE/QqI5PbdP4oI6jJm','홍경래','sungwon9204@naver.com',null,null,null,'010-1234-1234',1,to_date('21/04/22','RR/MM/DD'));
Insert into NICEZO.MEMBER (ID,PASSWORD,NAME,EMAIL,ZIPCODE,ADDRESS1,ADDRESS2,PHONE,STATUS,JOINDATE) values ('ghdrlfehd','$2a$10$i3hMMI0M1m2u5DEQ67VUXOnHNZpBAMf3mURQ6W14W6rtGSL00jlVO','안준호','anjho1217@naver.com',null,null,null,'010-5064-4526',9,to_date('21/04/22','RR/MM/DD'));
REM INSERTING into NICEZO.RES
SET DEFINE OFF;
Insert into NICEZO.RES (RES_COSNAME,RES_MYDATE,RES_CANCEL,RES_ID,RES_NAME,RES_PLAYTIME,RES_RESDATE,RES_CODE) values ('Orange',to_date('21/04/21','RR/MM/DD'),20,'kyutae9','관리몬','16~18',to_date('21/04/28','RR/MM/DD'),110);
Insert into NICEZO.RES (RES_COSNAME,RES_MYDATE,RES_CANCEL,RES_ID,RES_NAME,RES_PLAYTIME,RES_RESDATE,RES_CODE) values ('Blue',to_date('21/04/23','RR/MM/DD'),10,'kyutae8','최규태','14~16',to_date('21/04/29','RR/MM/DD'),123);
Insert into NICEZO.RES (RES_COSNAME,RES_MYDATE,RES_CANCEL,RES_ID,RES_NAME,RES_PLAYTIME,RES_RESDATE,RES_CODE) values ('Orange',to_date('21/04/21','RR/MM/DD'),20,'kyutae8','최규태','10~12',to_date('21/04/28','RR/MM/DD'),20);
Insert into NICEZO.RES (RES_COSNAME,RES_MYDATE,RES_CANCEL,RES_ID,RES_NAME,RES_PLAYTIME,RES_RESDATE,RES_CODE) values ('Orange',to_date('21/04/21','RR/MM/DD'),10,'kyutae9','관리몬','12~14',to_date('21/04/28','RR/MM/DD'),109);
Insert into NICEZO.RES (RES_COSNAME,RES_MYDATE,RES_CANCEL,RES_ID,RES_NAME,RES_PLAYTIME,RES_RESDATE,RES_CODE) values ('Blue',to_date('21/04/21','RR/MM/DD'),20,'kyutae8','최규태','08~10',to_date('21/04/28','RR/MM/DD'),115);
Insert into NICEZO.RES (RES_COSNAME,RES_MYDATE,RES_CANCEL,RES_ID,RES_NAME,RES_PLAYTIME,RES_RESDATE,RES_CODE) values ('Green',to_date('21/04/21','RR/MM/DD'),10,'kyutae8','최규태','08~10',to_date('21/04/28','RR/MM/DD'),106);
Insert into NICEZO.RES (RES_COSNAME,RES_MYDATE,RES_CANCEL,RES_ID,RES_NAME,RES_PLAYTIME,RES_RESDATE,RES_CODE) values ('Blue',to_date('21/04/23','RR/MM/DD'),10,'kyutae9','관리몬','08~10',to_date('21/05/05','RR/MM/DD'),124);
Insert into NICEZO.RES (RES_COSNAME,RES_MYDATE,RES_CANCEL,RES_ID,RES_NAME,RES_PLAYTIME,RES_RESDATE,RES_CODE) values ('Orange',to_date('21/04/21','RR/MM/DD'),20,'kyutae8','최규태','14~16',to_date('21/04/28','RR/MM/DD'),114);
Insert into NICEZO.RES (RES_COSNAME,RES_MYDATE,RES_CANCEL,RES_ID,RES_NAME,RES_PLAYTIME,RES_RESDATE,RES_CODE) values ('Green',to_date('21/04/23','RR/MM/DD'),10,'kyutae8','최규태','10~12',to_date('21/04/28','RR/MM/DD'),127);
Insert into NICEZO.RES (RES_COSNAME,RES_MYDATE,RES_CANCEL,RES_ID,RES_NAME,RES_PLAYTIME,RES_RESDATE,RES_CODE) values ('Blue',to_date('21/04/22','RR/MM/DD'),10,'ghdrlfehd','안준호','10~12',to_date('21/05/01','RR/MM/DD'),121);
Insert into NICEZO.RES (RES_COSNAME,RES_MYDATE,RES_CANCEL,RES_ID,RES_NAME,RES_PLAYTIME,RES_RESDATE,RES_CODE) values ('Green',to_date('21/04/22','RR/MM/DD'),10,'ghdrlfehd','안준호','16~18',to_date('21/05/04','RR/MM/DD'),122);
Insert into NICEZO.RES (RES_COSNAME,RES_MYDATE,RES_CANCEL,RES_ID,RES_NAME,RES_PLAYTIME,RES_RESDATE,RES_CODE) values ('Blue',to_date('21/04/23','RR/MM/DD'),10,'kyutae8','최규태','12~14',to_date('21/04/29','RR/MM/DD'),126);
Insert into NICEZO.RES (RES_COSNAME,RES_MYDATE,RES_CANCEL,RES_ID,RES_NAME,RES_PLAYTIME,RES_RESDATE,RES_CODE) values ('Green',to_date('21/04/22','RR/MM/DD'),20,'kyutae9','관리몬','16~18',to_date('21/04/30','RR/MM/DD'),117);
Insert into NICEZO.RES (RES_COSNAME,RES_MYDATE,RES_CANCEL,RES_ID,RES_NAME,RES_PLAYTIME,RES_RESDATE,RES_CODE) values ('Orange',to_date('21/04/24','RR/MM/DD'),10,'kyutae8','최규태','10~12',to_date('21/04/30','RR/MM/DD'),141);
REM INSERTING into NICEZO.RES_COSTIME
SET DEFINE OFF;
Insert into NICEZO.RES_COSTIME (COS_TIME) values ('08~10');
Insert into NICEZO.RES_COSTIME (COS_TIME) values ('10~12');
Insert into NICEZO.RES_COSTIME (COS_TIME) values ('12~14');
Insert into NICEZO.RES_COSTIME (COS_TIME) values ('14~16');
Insert into NICEZO.RES_COSTIME (COS_TIME) values ('16~18');
--------------------------------------------------------
--  DDL for Index SYS_C0020157
--------------------------------------------------------

  CREATE UNIQUE INDEX "NICEZO"."SYS_C0020157" ON "NICEZO"."BOARD" ("NUM") 
  PCTFREE 10 INITRANS 2 MAXTRANS 255 COMPUTE STATISTICS 
  STORAGE(INITIAL 65536 NEXT 1048576 MINEXTENTS 1 MAXEXTENTS 2147483645
  PCTINCREASE 0 FREELISTS 1 FREELIST GROUPS 1 BUFFER_POOL DEFAULT FLASH_CACHE DEFAULT CELL_FLASH_CACHE DEFAULT)
  TABLESPACE "USERS" ;
--------------------------------------------------------
--  DDL for Index SYS_C0019849
--------------------------------------------------------

  CREATE UNIQUE INDEX "NICEZO"."SYS_C0019849" ON "NICEZO"."COURSE" ("COURSE_ID") 
  PCTFREE 10 INITRANS 2 MAXTRANS 255 COMPUTE STATISTICS 
  STORAGE(INITIAL 65536 NEXT 1048576 MINEXTENTS 1 MAXEXTENTS 2147483645
  PCTINCREASE 0 FREELISTS 1 FREELIST GROUPS 1 BUFFER_POOL DEFAULT FLASH_CACHE DEFAULT CELL_FLASH_CACHE DEFAULT)
  TABLESPACE "USERS" ;
--------------------------------------------------------
--  DDL for Index SYS_C0019865
--------------------------------------------------------

  CREATE UNIQUE INDEX "NICEZO"."SYS_C0019865" ON "NICEZO"."COURSE_GALLERY" ("COURSE_GALLERY_ID") 
  PCTFREE 10 INITRANS 2 MAXTRANS 255 COMPUTE STATISTICS 
  STORAGE(INITIAL 65536 NEXT 1048576 MINEXTENTS 1 MAXEXTENTS 2147483645
  PCTINCREASE 0 FREELISTS 1 FREELIST GROUPS 1 BUFFER_POOL DEFAULT FLASH_CACHE DEFAULT CELL_FLASH_CACHE DEFAULT)
  TABLESPACE "USERS" ;
--------------------------------------------------------
--  DDL for Index SYS_C0019848
--------------------------------------------------------

  CREATE UNIQUE INDEX "NICEZO"."SYS_C0019848" ON "NICEZO"."HOLE" ("HOLE_ID") 
  PCTFREE 10 INITRANS 2 MAXTRANS 255 COMPUTE STATISTICS 
  STORAGE(INITIAL 65536 NEXT 1048576 MINEXTENTS 1 MAXEXTENTS 2147483645
  PCTINCREASE 0 FREELISTS 1 FREELIST GROUPS 1 BUFFER_POOL DEFAULT FLASH_CACHE DEFAULT CELL_FLASH_CACHE DEFAULT)
  TABLESPACE "USERS" ;
--------------------------------------------------------
--  DDL for Index SYS_C0020083
--------------------------------------------------------

  CREATE UNIQUE INDEX "NICEZO"."SYS_C0020083" ON "NICEZO"."MEMBER" ("ID") 
  PCTFREE 10 INITRANS 2 MAXTRANS 255 COMPUTE STATISTICS 
  STORAGE(INITIAL 65536 NEXT 1048576 MINEXTENTS 1 MAXEXTENTS 2147483645
  PCTINCREASE 0 FREELISTS 1 FREELIST GROUPS 1 BUFFER_POOL DEFAULT FLASH_CACHE DEFAULT CELL_FLASH_CACHE DEFAULT)
  TABLESPACE "USERS" ;
--------------------------------------------------------
--  Constraints for Table BOARD
--------------------------------------------------------

  ALTER TABLE "NICEZO"."BOARD" ADD PRIMARY KEY ("NUM")
  USING INDEX PCTFREE 10 INITRANS 2 MAXTRANS 255 COMPUTE STATISTICS 
  STORAGE(INITIAL 65536 NEXT 1048576 MINEXTENTS 1 MAXEXTENTS 2147483645
  PCTINCREASE 0 FREELISTS 1 FREELIST GROUPS 1 BUFFER_POOL DEFAULT FLASH_CACHE DEFAULT CELL_FLASH_CACHE DEFAULT)
  TABLESPACE "USERS"  ENABLE;
--------------------------------------------------------
--  Constraints for Table COURSE
--------------------------------------------------------

  ALTER TABLE "NICEZO"."COURSE" ADD PRIMARY KEY ("COURSE_ID")
  USING INDEX PCTFREE 10 INITRANS 2 MAXTRANS 255 COMPUTE STATISTICS 
  STORAGE(INITIAL 65536 NEXT 1048576 MINEXTENTS 1 MAXEXTENTS 2147483645
  PCTINCREASE 0 FREELISTS 1 FREELIST GROUPS 1 BUFFER_POOL DEFAULT FLASH_CACHE DEFAULT CELL_FLASH_CACHE DEFAULT)
  TABLESPACE "USERS"  ENABLE;
--------------------------------------------------------
--  Constraints for Table COURSE_GALLERY
--------------------------------------------------------

  ALTER TABLE "NICEZO"."COURSE_GALLERY" ADD PRIMARY KEY ("COURSE_GALLERY_ID")
  USING INDEX PCTFREE 10 INITRANS 2 MAXTRANS 255 COMPUTE STATISTICS 
  STORAGE(INITIAL 65536 NEXT 1048576 MINEXTENTS 1 MAXEXTENTS 2147483645
  PCTINCREASE 0 FREELISTS 1 FREELIST GROUPS 1 BUFFER_POOL DEFAULT FLASH_CACHE DEFAULT CELL_FLASH_CACHE DEFAULT)
  TABLESPACE "USERS"  ENABLE;
--------------------------------------------------------
--  Constraints for Table HOLE
--------------------------------------------------------

  ALTER TABLE "NICEZO"."HOLE" ADD PRIMARY KEY ("HOLE_ID")
  USING INDEX PCTFREE 10 INITRANS 2 MAXTRANS 255 COMPUTE STATISTICS 
  STORAGE(INITIAL 65536 NEXT 1048576 MINEXTENTS 1 MAXEXTENTS 2147483645
  PCTINCREASE 0 FREELISTS 1 FREELIST GROUPS 1 BUFFER_POOL DEFAULT FLASH_CACHE DEFAULT CELL_FLASH_CACHE DEFAULT)
  TABLESPACE "USERS"  ENABLE;
--------------------------------------------------------
--  Constraints for Table MEMBER
--------------------------------------------------------

  ALTER TABLE "NICEZO"."MEMBER" ADD PRIMARY KEY ("ID")
  USING INDEX PCTFREE 10 INITRANS 2 MAXTRANS 255 COMPUTE STATISTICS 
  STORAGE(INITIAL 65536 NEXT 1048576 MINEXTENTS 1 MAXEXTENTS 2147483645
  PCTINCREASE 0 FREELISTS 1 FREELIST GROUPS 1 BUFFER_POOL DEFAULT FLASH_CACHE DEFAULT CELL_FLASH_CACHE DEFAULT)
  TABLESPACE "USERS"  ENABLE;
